Id,SleepDay,TotalSleepRecords,TotalMinutesAsleep,TotalTimeInBed,ActivityDate,TotalSteps,TotalDistance,TrackerDistance,LoggedActivitiesDistance,VeryActiveDistance,ModeratelyActiveDistance,LightActiveDistance,SedentaryActiveDistance,VeryActiveMinutes,FairlyActiveMinutes,LightlyActiveMinutes,SedentaryMinutes,Calories,SleepEfficiency,CaloriesGroup
1503960366,2016-04-12,1,327,346,2016-04-12,13162,8.5,8.5,0.0,1.87999999523163,0.550000011920929,6.05999994277954,0.0,25,13,328,728,1985,0.9450867052023122,Low
1503960366,2016-04-13,2,384,407,2016-04-13,10735,6.96999979019165,6.96999979019165,0.0,1.57000005245209,0.689999997615814,4.71000003814697,0.0,21,19,217,776,1797,0.9434889434889435,Low
1503960366,2016-04-15,1,412,442,2016-04-15,9762,6.28000020980835,6.28000020980835,0.0,2.14000010490417,1.25999999046326,2.82999992370605,0.0,29,34,209,726,1745,0.9321266968325792,Low
1503960366,2016-04-16,2,340,367,2016-04-16,12669,8.15999984741211,8.15999984741211,0.0,2.71000003814697,0.409999996423721,5.03999996185303,0.0,36,10,221,773,1863,0.9264305177111717,Low
1503960366,2016-04-17,1,700,712,2016-04-17,9705,6.48000001907349,6.48000001907349,0.0,3.19000005722046,0.779999971389771,2.50999999046326,0.0,38,20,164,539,1728,0.9831460674157303,Low
1503960366,2016-04-19,1,304,320,2016-04-19,15506,9.88000011444092,9.88000011444092,0.0,3.52999997138977,1.32000005245209,5.03000020980835,0.0,50,31,264,775,2035,0.95,Low
1503960366,2016-04-20,1,360,377,2016-04-20,10544,6.67999982833862,6.67999982833862,0.0,1.96000003814697,0.479999989271164,4.23999977111816,0.0,28,12,205,818,1786,0.9549071618037135,Low
1503960366,2016-04-21,1,325,364,2016-04-21,9819,6.34000015258789,6.34000015258789,0.0,1.3400000333786,0.349999994039536,4.65000009536743,0.0,19,8,211,838,1775,0.8928571428571429,Low
1503960366,2016-04-23,1,361,384,2016-04-23,14371,9.03999996185303,9.03999996185303,0.0,2.80999994277954,0.870000004768372,5.3600001335144,0.0,41,21,262,732,1949,0.9401041666666666,Low
1503960366,2016-04-24,1,430,449,2016-04-24,10039,6.40999984741211,6.40999984741211,0.0,2.92000007629395,0.209999993443489,3.27999997138977,0.0,39,5,238,709,1788,0.9576837416481069,Low
1503960366,2016-04-25,1,277,323,2016-04-25,15355,9.80000019073486,9.80000019073486,0.0,5.28999996185303,0.569999992847443,3.94000005722046,0.0,73,14,216,814,2013,0.8575851393188855,Low
1503960366,2016-04-26,1,245,274,2016-04-26,13755,8.78999996185303,8.78999996185303,0.0,2.32999992370605,0.920000016689301,5.53999996185303,0.0,31,23,279,833,1970,0.8941605839416058,Low
1503960366,2016-04-28,1,366,393,2016-04-28,13154,8.52999973297119,8.52999973297119,0.0,3.53999996185303,1.1599999666214,3.78999996185303,0.0,48,28,189,782,1898,0.9312977099236641,Low
1503960366,2016-04-29,1,341,354,2016-04-29,11181,7.15000009536743,7.15000009536743,0.0,1.05999994277954,0.5,5.57999992370605,0.0,16,12,243,815,1837,0.963276836158192,Low
1503960366,2016-04-30,1,404,425,2016-04-30,14673,9.25,9.25,0.0,3.55999994277954,1.41999995708466,4.26999998092651,0.0,52,34,217,712,1947,0.9505882352941176,Low
1503960366,2016-05-01,1,369,396,2016-05-01,10602,6.80999994277954,6.80999994277954,0.0,2.28999996185303,1.60000002384186,2.92000007629395,0.0,33,35,246,730,1820,0.9318181818181818,Low
1503960366,2016-05-02,1,277,309,2016-05-02,14727,9.71000003814697,9.71000003814697,0.0,3.21000003814697,0.569999992847443,5.92000007629395,0.0,41,15,277,798,2004,0.8964401294498382,Low
1503960366,2016-05-03,1,273,296,2016-05-03,15103,9.65999984741211,9.65999984741211,0.0,3.73000001907349,1.04999995231628,4.88000011444092,0.0,50,24,254,816,1990,0.9222972972972973,Low
1503960366,2016-05-05,1,247,264,2016-05-05,14070,8.89999961853027,8.89999961853027,0.0,2.92000007629395,1.08000004291534,4.88000011444092,0.0,45,24,250,857,1959,0.9356060606060606,Low
1503960366,2016-05-06,1,334,367,2016-05-06,12159,8.02999973297119,8.02999973297119,0.0,1.97000002861023,0.25,5.80999994277954,0.0,24,6,289,754,1896,0.9100817438692098,Low
1503960366,2016-05-07,1,331,349,2016-05-07,11992,7.71000003814697,7.71000003814697,0.0,2.46000003814697,2.11999988555908,3.13000011444092,0.0,37,46,175,833,1821,0.9484240687679083,Low
1503960366,2016-05-08,1,594,611,2016-05-08,10060,6.57999992370605,6.57999992370605,0.0,3.52999997138977,0.319999992847443,2.73000001907349,0.0,44,8,203,574,1740,0.972176759410802,Low
1503960366,2016-05-09,1,338,342,2016-05-09,12022,7.71999979019165,7.71999979019165,0.0,3.45000004768372,0.529999971389771,3.74000000953674,0.0,46,11,206,835,1819,0.9883040935672515,Low
1503960366,2016-05-10,1,383,403,2016-05-10,12207,7.76999998092651,7.76999998092651,0.0,3.34999990463257,1.1599999666214,3.25999999046326,0.0,46,31,214,746,1859,0.9503722084367245,Low
1503960366,2016-05-11,1,285,306,2016-05-11,12770,8.13000011444092,8.13000011444092,0.0,2.55999994277954,1.00999999046326,4.55000019073486,0.0,36,23,251,669,1783,0.9313725490196079,Low
1644430081,2016-04-29,1,119,127,2016-04-29,3176,2.30999994277954,2.30999994277954,0.0,0.0,0.0,2.30999994277954,0.0,0,0,120,1193,2498,0.937007874015748,High
1644430081,2016-04-30,1,124,142,2016-04-30,18213,13.2399997711182,13.2399997711182,0.0,0.629999995231628,3.14000010490417,9.46000003814697,0.0,9,71,402,816,3846,0.8732394366197183,High
1644430081,2016-05-02,1,796,961,2016-05-02,3758,2.73000001907349,2.73000001907349,0.0,0.0700000002980232,0.310000002384186,2.34999990463257,0.0,1,7,148,682,2580,0.8283038501560874,High
1644430081,2016-05-08,1,137,154,2016-05-08,6724,4.8899998664856,4.8899998664856,0.0,0.0,0.0,4.88000011444092,0.0,0,0,295,991,2987,0.8896103896103896,High
1844505072,2016-04-15,1,644,961,2016-04-15,3844,2.53999996185303,2.53999996185303,0.0,0.0,0.0,2.53999996185303,0.0,0,0,176,527,1725,0.6701352757544224,Low
1844505072,2016-04-30,1,722,961,2016-04-30,4014,2.67000007629395,2.67000007629395,0.0,0.0,0.0,2.65000009536743,0.0,0,0,184,218,1763,0.7513007284079084,Low
1844505072,2016-05-01,1,590,961,2016-05-01,2573,1.70000004768372,1.70000004768372,0.0,0.0,0.259999990463257,1.45000004768372,0.0,0,7,75,585,1541,0.6139438085327783,Low
1927972279,2016-04-12,3,750,775,2016-04-12,678,0.469999998807907,0.469999998807907,0.0,0.0,0.0,0.469999998807907,0.0,0,0,55,734,2220,0.967741935483871,High
1927972279,2016-04-13,1,398,422,2016-04-13,356,0.25,0.25,0.0,0.0,0.0,0.25,0.0,0,0,32,986,2151,0.943127962085308,Low
1927972279,2016-04-15,2,475,499,2016-04-15,980,0.680000007152557,0.680000007152557,0.0,0.0,0.0,0.680000007152557,0.0,0,0,51,941,2221,0.9519038076152304,High
1927972279,2016-04-26,1,296,315,2016-04-26,3761,2.59999990463257,2.59999990463257,0.0,0.0,0.0,2.59999990463257,0.0,0,0,192,1058,2638,0.9396825396825397,High
1927972279,2016-04-28,1,166,178,2016-04-28,1675,1.1599999666214,1.1599999666214,0.0,0.0,0.0,1.1599999666214,0.0,0,0,95,1167,2351,0.9325842696629213,High
2026352035,2016-04-12,1,503,546,2016-04-12,4414,2.74000000953674,2.74000000953674,0.0,0.189999997615814,0.349999994039536,2.20000004768372,0.0,3,8,181,706,1459,0.9212454212454212,Low
2026352035,2016-04-13,1,531,565,2016-04-13,4993,3.09999990463257,3.09999990463257,0.0,0.0,0.0,3.09999990463257,0.0,0,0,238,663,1521,0.9398230088495575,Low
2026352035,2016-04-14,1,545,568,2016-04-14,3335,2.0699999332428,2.0699999332428,0.0,0.0,0.0,2.04999995231628,0.0,0,0,197,653,1431,0.9595070422535211,Low
2026352035,2016-04-15,1,523,573,2016-04-15,3821,2.36999988555908,2.36999988555908,0.0,0.0,0.0,2.36999988555908,0.0,0,0,188,687,1444,0.912739965095986,Low
2026352035,2016-04-16,1,524,567,2016-04-16,2547,1.58000004291534,1.58000004291534,0.0,0.0,0.0,1.58000004291534,0.0,0,0,150,728,1373,0.9241622574955908,Low
2026352035,2016-04-17,1,437,498,2016-04-17,838,0.519999980926514,0.519999980926514,0.0,0.0,0.0,0.519999980926514,0.0,0,0,60,1053,1214,0.8775100401606426,Low
2026352035,2016-04-19,1,498,540,2016-04-19,2424,1.5,1.5,0.0,0.0,0.0,1.5,0.0,0,0,141,785,1356,0.9222222222222223,Low
2026352035,2016-04-20,1,461,510,2016-04-20,7222,4.48000001907349,4.48000001907349,0.0,0.0,0.0,4.48000001907349,0.0,0,0,327,623,1667,0.903921568627451,Low
2026352035,2016-04-21,1,477,514,2016-04-21,2467,1.52999997138977,1.52999997138977,0.0,0.0,0.0,1.52999997138977,0.0,0,0,153,749,1370,0.9280155642023347,Low
2026352035,2016-04-22,1,520,545,2016-04-22,2915,1.80999994277954,1.80999994277954,0.0,0.0,0.0,1.80999994277954,0.0,0,0,162,712,1399,0.9541284403669725,Low
2026352035,2016-04-23,1,522,554,2016-04-23,12357,7.71000003814697,7.71000003814697,0.0,0.0,0.0,7.71000003814697,0.0,0,0,432,458,1916,0.9422382671480144,Low
2026352035,2016-04-24,1,555,591,2016-04-24,3490,2.16000008583069,2.16000008583069,0.0,0.0,0.0,2.16000008583069,0.0,0,0,164,704,1401,0.9390862944162437,Low
2026352035,2016-04-25,1,506,531,2016-04-25,6017,3.73000001907349,3.73000001907349,0.0,0.0,0.0,3.73000001907349,0.0,0,0,260,821,1576,0.9529190207156308,Low
2026352035,2016-04-27,1,508,545,2016-04-27,6088,3.76999998092651,3.76999998092651,0.0,0.0,0.0,3.76999998092651,0.0,0,0,286,586,1593,0.9321100917431193,Low
2026352035,2016-04-28,1,513,545,2016-04-28,6375,3.95000004768372,3.95000004768372,0.0,0.0,0.0,3.95000004768372,0.0,0,0,331,626,1649,0.9412844036697248,Low
2026352035,2016-04-29,1,490,510,2016-04-29,7604,4.71000003814697,4.71000003814697,0.0,0.0,0.0,4.71000003814697,0.0,0,0,352,492,1692,0.9607843137254902,Low
2026352035,2016-04-30,1,573,607,2016-04-30,4729,2.9300000667572,2.9300000667572,0.0,0.0,0.0,2.9300000667572,0.0,0,0,233,594,1506,0.943986820428336,Low
2026352035,2016-05-01,1,527,546,2016-05-01,3609,2.27999997138977,2.27999997138977,0.0,0.0,0.0,2.27999997138977,0.0,0,0,191,716,1447,0.9652014652014652,Low
2026352035,2016-05-02,1,511,543,2016-05-02,7018,4.34999990463257,4.34999990463257,0.0,0.0,0.0,4.34999990463257,0.0,0,0,355,716,1690,0.9410681399631676,Low
2026352035,2016-05-04,1,538,560,2016-05-04,6564,4.07000017166138,4.07000017166138,0.0,0.0,0.0,4.07000017166138,0.0,0,0,345,530,1658,0.9607142857142857,Low
2026352035,2016-05-05,1,468,485,2016-05-05,12167,7.53999996185303,7.53999996185303,0.0,0.0,0.0,7.53999996185303,0.0,0,0,475,479,1926,0.9649484536082474,Low
2026352035,2016-05-06,1,524,548,2016-05-06,8198,5.07999992370605,5.07999992370605,0.0,0.0,0.0,5.07999992370605,0.0,0,0,383,511,1736,0.9562043795620438,Low
2026352035,2016-05-07,1,511,521,2016-05-07,4193,2.59999990463257,2.59999990463257,0.0,0.0,0.0,2.59999990463257,0.0,0,0,229,665,1491,0.980806142034549,Low
2026352035,2016-05-08,1,541,568,2016-05-08,5528,3.45000004768372,3.45000004768372,0.0,0.0,0.0,3.45000004768372,0.0,0,0,258,610,1555,0.9524647887323944,Low
2026352035,2016-05-09,1,531,556,2016-05-09,10685,6.61999988555908,6.61999988555908,0.0,0.0,0.0,6.59999990463257,0.0,0,0,401,543,1869,0.9550359712230215,Low
2026352035,2016-05-10,1,357,380,2016-05-10,254,0.159999996423721,0.159999996423721,0.0,0.0,0.0,0.159999996423721,0.0,0,0,17,1002,1141,0.9394736842105263,Low
2026352035,2016-05-11,1,523,553,2016-05-11,8580,5.32000017166138,5.32000017166138,0.0,0.0,0.0,5.32000017166138,0.0,0,0,330,569,1698,0.945750452079566,Low
2026352035,2016-05-12,1,456,485,2016-05-12,8891,5.51000022888184,5.51000022888184,0.0,0.0,0.0,5.51000022888184,0.0,0,0,343,330,1364,0.9402061855670103,Low
2320127002,2016-04-23,1,61,69,2016-04-23,5079,3.42000007629395,3.42000007629395,0.0,0.0,0.0,3.42000007629395,0.0,0,0,242,1129,1804,0.8840579710144928,Low
2347167796,2016-04-13,1,467,531,2016-04-13,10352,7.01000022888184,7.01000022888184,0.0,1.6599999666214,1.94000005722046,3.41000008583069,0.0,19,32,195,676,2038,0.879472693032015,Low
2347167796,2016-04-14,1,445,489,2016-04-14,10129,6.69999980926514,6.69999980926514,0.0,0.0199999995529652,2.74000000953674,3.94000005722046,0.0,1,48,206,705,2010,0.9100204498977505,Low
2347167796,2016-04-15,1,452,504,2016-04-15,10465,6.92000007629395,6.92000007629395,0.0,0.0700000002980232,1.41999995708466,5.42999982833862,0.0,1,24,284,720,2133,0.8968253968253969,Low
2347167796,2016-04-17,1,556,602,2016-04-17,5472,3.61999988555908,3.61999988555908,0.0,0.0799999982118607,0.280000001192093,3.25999999046326,0.0,1,7,249,508,1882,0.9235880398671097,Low
2347167796,2016-04-18,1,500,557,2016-04-18,8247,5.44999980926514,5.44999980926514,0.0,0.790000021457672,0.860000014305115,3.78999996185303,0.0,11,16,206,678,1944,0.8976660682226212,Low
2347167796,2016-04-19,1,465,514,2016-04-19,6711,4.44000005722046,4.44000005722046,0.0,0.0,0.0,4.44000005722046,0.0,0,7,382,648,2346,0.9046692607003891,High
2347167796,2016-04-21,1,460,484,2016-04-21,10080,6.75,6.75,0.0,1.85000002384186,1.52999997138977,3.38000011444092,0.0,23,26,208,761,2048,0.9504132231404959,Low
2347167796,2016-04-22,1,405,461,2016-04-22,7804,5.15999984741211,5.15999984741211,0.0,0.560000002384186,1.67999994754791,2.92000007629395,0.0,9,27,206,781,1946,0.8785249457700651,Low
2347167796,2016-04-23,1,374,386,2016-04-23,16901,11.3699998855591,11.3699998855591,0.0,2.77999997138977,1.45000004768372,7.15000009536743,0.0,32,35,360,591,2629,0.9689119170984456,High
2347167796,2016-04-24,1,442,459,2016-04-24,9471,6.26000022888184,6.26000022888184,0.0,0.0,0.0,6.26000022888184,0.0,0,0,360,584,2187,0.9629629629629629,Low
2347167796,2016-04-25,1,433,471,2016-04-25,9482,6.38000011444092,6.38000011444092,0.0,1.26999998092651,0.519999980926514,4.59999990463257,0.0,15,11,277,653,2095,0.9193205944798302,Low
2347167796,2016-04-26,1,436,490,2016-04-26,5980,3.95000004768372,3.95000004768372,0.0,0.0,0.0,3.95000004768372,0.0,0,0,227,732,1861,0.889795918367347,Low
2347167796,2016-04-27,1,448,499,2016-04-27,11423,7.57999992370605,7.57999992370605,0.0,1.86000001430511,0.400000005960464,5.32000017166138,0.0,26,9,295,623,2194,0.8977955911823647,Low
2347167796,2016-04-28,1,408,450,2016-04-28,5439,3.59999990463257,3.59999990463257,0.0,0.0,0.0,3.59999990463257,0.0,0,0,229,764,1854,0.9066666666666666,Low
2347167796,2016-04-29,1,411,473,2016-04-29,42,0.0299999993294477,0.0299999993294477,0.0,0.0,0.0,0.0299999993294477,0.0,0,0,4,2,403,0.86892177589852,Low
3977333714,2016-04-12,1,274,469,2016-04-12,8856,5.98000001907349,5.98000001907349,0.0,3.05999994277954,0.910000026226044,2.00999999046326,0.0,44,19,131,777,1450,0.5842217484008528,Low
3977333714,2016-04-13,2,295,456,2016-04-13,10035,6.71000003814697,6.71000003814697,0.0,2.02999997138977,2.13000011444092,2.54999995231628,0.0,31,46,153,754,1495,0.6469298245614035,Low
3977333714,2016-04-14,1,291,397,2016-04-14,7641,5.1100001335144,5.1100001335144,0.0,0.319999992847443,0.970000028610229,3.8199999332428,0.0,5,23,214,801,1433,0.7329974811083123,Low
3977333714,2016-04-15,1,424,556,2016-04-15,9010,6.05999994277954,6.05999994277954,0.0,1.04999995231628,1.75,3.25999999046326,0.0,15,42,183,644,1468,0.762589928057554,Low
3977333714,2016-04-16,1,283,510,2016-04-16,13459,9.0,9.0,0.0,2.02999997138977,4.0,2.97000002861023,0.0,31,83,153,663,1625,0.5549019607843138,Low
3977333714,2016-04-17,1,381,566,2016-04-17,10415,6.96999979019165,6.96999979019165,0.0,0.699999988079071,2.34999990463257,3.92000007629395,0.0,11,58,205,600,1529,0.6731448763250883,Low
3977333714,2016-04-18,2,412,522,2016-04-18,11663,7.80000019073486,7.80000019073486,0.0,0.25,3.73000001907349,3.8199999332428,0.0,4,95,214,605,1584,0.789272030651341,Low
3977333714,2016-04-19,1,219,395,2016-04-19,12414,8.77999973297119,8.77999973297119,0.0,2.24000000953674,2.45000004768372,3.96000003814697,0.0,19,67,221,738,1638,0.5544303797468354,Low
3977333714,2016-04-20,2,152,305,2016-04-20,11658,7.82999992370605,7.82999992370605,0.0,0.200000002980232,4.34999990463257,3.27999997138977,0.0,2,98,164,845,1554,0.49836065573770494,Low
3977333714,2016-04-21,1,332,512,2016-04-21,6093,4.07999992370605,4.07999992370605,0.0,0.0,0.0,4.05999994277954,0.0,0,0,242,712,1397,0.6484375,Low
3977333714,2016-04-22,1,355,476,2016-04-22,8911,5.96000003814697,5.96000003814697,0.0,2.32999992370605,0.579999983310699,3.05999994277954,0.0,33,12,188,731,1481,0.7457983193277311,Low
3977333714,2016-04-23,1,235,372,2016-04-23,12058,8.06999969482422,8.06999969482422,0.0,0.0,4.21999979019165,3.84999990463257,0.0,0,92,252,724,1638,0.6317204301075269,Low
3977333714,2016-04-24,1,310,526,2016-04-24,14112,10.0,10.0,0.0,3.26999998092651,4.55999994277954,2.17000007629395,0.0,30,95,129,660,1655,0.5893536121673004,Low
3977333714,2016-04-25,1,262,467,2016-04-25,11177,8.47999954223633,8.47999954223633,0.0,5.61999988555908,0.430000007152557,2.41000008583069,0.0,50,9,133,781,1570,0.5610278372591007,Low
3977333714,2016-04-26,1,250,371,2016-04-26,11388,7.61999988555908,7.61999988555908,0.0,0.449999988079071,4.21999979019165,2.95000004768372,0.0,7,95,170,797,1551,0.6738544474393531,Low
3977333714,2016-04-27,1,349,540,2016-04-27,7193,5.03999996185303,5.03999996185303,0.0,0.0,0.419999986886978,4.61999988555908,0.0,0,10,176,714,1377,0.6462962962962963,Low
3977333714,2016-04-28,1,261,423,2016-04-28,7114,4.88000011444092,4.88000011444092,0.0,1.37000000476837,0.28999999165535,3.22000002861023,0.0,15,8,190,804,1407,0.6170212765957447,Low
3977333714,2016-04-29,1,333,478,2016-04-29,10645,7.75,7.75,0.0,3.74000000953674,1.29999995231628,2.71000003814697,0.0,36,32,150,744,1545,0.696652719665272,Low
3977333714,2016-04-30,1,237,382,2016-04-30,13238,9.19999980926514,9.19999980926514,0.0,3.69000005722046,2.09999990463257,3.41000008583069,0.0,43,52,194,687,1650,0.6204188481675392,Low
3977333714,2016-05-01,1,383,626,2016-05-01,10414,7.07000017166138,7.07000017166138,0.0,2.67000007629395,1.98000001907349,2.41000008583069,0.0,41,40,124,691,1501,0.6118210862619808,Low
3977333714,2016-05-02,1,230,384,2016-05-02,16520,11.0500001907349,11.0500001907349,0.0,1.53999996185303,6.48000001907349,3.01999998092651,0.0,24,143,176,713,1760,0.5989583333333334,Low
3977333714,2016-05-03,1,292,500,2016-05-03,14335,9.59000015258789,9.59000015258789,0.0,3.3199999332428,1.74000000953674,4.53000020980835,0.0,47,41,258,594,1710,0.584,Low
3977333714,2016-05-04,1,213,336,2016-05-04,13559,9.4399995803833,9.4399995803833,0.0,1.80999994277954,4.57999992370605,2.89000010490417,0.0,14,96,142,852,1628,0.6339285714285714,Low
3977333714,2016-05-05,1,318,480,2016-05-05,12312,8.57999992370605,8.57999992370605,0.0,1.75999999046326,4.1100001335144,2.71000003814697,0.0,14,88,178,680,1618,0.6625,Low
3977333714,2016-05-06,1,323,512,2016-05-06,11677,8.27999973297119,8.27999973297119,0.0,3.10999989509583,2.50999999046326,2.67000007629395,0.0,29,55,168,676,1590,0.630859375,Low
3977333714,2016-05-07,1,237,443,2016-05-07,11550,7.73000001907349,7.73000001907349,0.0,0.0,4.13000011444092,3.58999991416931,0.0,0,86,208,703,1574,0.5349887133182845,Low
3977333714,2016-05-08,2,259,456,2016-05-08,13585,9.09000015258789,9.09000015258789,0.0,0.680000007152557,5.23999977111816,3.17000007629395,0.0,9,116,171,688,1633,0.5679824561403509,Low
3977333714,2016-05-10,1,312,452,2016-05-10,13072,8.77999973297119,8.77999973297119,0.0,0.0700000002980232,5.40000009536743,3.30999994277954,0.0,1,115,196,676,1630,0.6902654867256637,Low
4020332650,2016-04-12,1,501,541,2016-04-12,8539,6.11999988555908,6.11999988555908,0.0,0.150000005960464,0.239999994635582,5.67999982833862,0.0,4,15,331,712,3654,0.9260628465804066,High
4020332650,2016-04-16,1,77,77,2016-04-16,1982,1.41999995708466,1.41999995708466,0.0,0.449999988079071,0.370000004768372,0.589999973773956,0.0,65,21,55,1222,3051,1.0,High
4020332650,2016-05-03,1,322,332,2016-05-03,4496,3.22000002861023,3.22000002861023,0.0,0.0,0.0,3.15000009536743,0.0500000007450581,0,0,174,950,2828,0.9698795180722891,High
4020332650,2016-05-04,1,478,536,2016-05-04,10252,7.34999990463257,7.34999990463257,0.0,0.670000016689301,1.03999996185303,5.57999992370605,0.0,13,46,346,531,3879,0.8917910447761194,High
4020332650,2016-05-05,1,226,248,2016-05-05,11728,8.43000030517578,8.43000030517578,0.0,2.61999988555908,1.67999994754791,4.03999996185303,0.0700000002980232,38,42,196,916,3429,0.9112903225806451,High
4020332650,2016-05-06,1,385,408,2016-05-06,4369,3.13000011444092,3.13000011444092,0.0,0.0,0.0,3.09999990463257,0.0099999997764825,0,0,177,855,2704,0.9436274509803921,High
4020332650,2016-05-08,1,364,402,2016-05-08,5862,4.19999980926514,4.19999980926514,0.0,0.0,0.0,4.15000009536743,0.0,0,0,263,775,3089,0.9054726368159204,High
4020332650,2016-05-10,1,442,494,2016-05-10,5546,3.98000001907349,3.98000001907349,0.0,0.0,0.0,3.86999988555908,0.0399999991059303,0,0,206,774,2926,0.8947368421052632,High
4319703577,2016-04-14,1,535,557,2016-04-14,10210,6.88000011444092,6.88000011444092,0.0,0.109999999403954,0.330000013113022,6.44000005722046,0.0,1,9,339,589,2302,0.9605026929982047,High
4319703577,2016-04-15,1,465,491,2016-04-15,5664,3.79999995231628,3.79999995231628,0.0,0.0,0.0,3.79999995231628,0.0,0,0,228,752,1985,0.9470468431771895,Low
4319703577,2016-04-16,1,506,522,2016-04-16,4744,3.1800000667572,3.1800000667572,0.0,0.0,0.0,3.1800000667572,0.0,0,0,194,724,1884,0.9693486590038314,Low
4319703577,2016-04-18,1,515,551,2016-04-18,2276,1.54999995231628,1.54999995231628,0.0,0.0700000002980232,0.330000013113022,1.12000000476837,0.0,1,9,58,824,1632,0.9346642468239564,Low
4319703577,2016-04-19,2,461,498,2016-04-19,8925,5.98999977111816,5.98999977111816,0.0,0.0,0.0,5.98999977111816,0.0,0,0,311,604,2200,0.9257028112449799,High
4319703577,2016-04-20,1,523,543,2016-04-20,8954,6.01000022888184,6.01000022888184,0.0,0.0,0.680000007152557,5.30999994277954,0.0,0,18,306,671,2220,0.9631675874769797,High
4319703577,2016-04-21,1,59,65,2016-04-21,3702,2.48000001907349,2.48000001907349,0.0,0.0,0.0,0.349999994039536,0.0,0,0,34,1265,1792,0.9076923076923077,Low
4319703577,2016-04-22,1,533,550,2016-04-22,4500,3.01999998092651,3.01999998092651,0.0,0.0599999986588955,0.810000002384186,2.15000009536743,0.0,1,19,176,709,1886,0.9690909090909091,Low
4319703577,2016-04-23,1,692,722,2016-04-23,4935,3.30999994277954,3.30999994277954,0.0,0.0,0.0,3.30999994277954,0.0,0,0,233,546,1945,0.9584487534626038,Low
4319703577,2016-04-24,1,467,501,2016-04-24,4081,2.74000000953674,2.74000000953674,0.0,0.0599999986588955,0.200000002980232,2.47000002861023,0.0,1,5,191,692,1880,0.9321357285429142,Low
4319703577,2016-04-25,1,488,506,2016-04-25,9259,6.21000003814697,6.21000003814697,0.0,0.0,0.280000001192093,5.92999982833862,0.0,0,8,390,544,2314,0.9644268774703557,High
4319703577,2016-04-26,1,505,516,2016-04-26,9899,6.6399998664856,6.6399998664856,0.0,0.569999992847443,0.920000016689301,5.15000009536743,0.0,8,21,288,649,2236,0.9786821705426356,High
4319703577,2016-04-27,1,286,307,2016-04-27,10780,7.23000001907349,7.23000001907349,0.0,0.409999996423721,1.91999995708466,4.90999984741211,0.0,6,47,300,680,2324,0.9315960912052117,High
4319703577,2016-04-28,1,497,522,2016-04-28,10817,7.28000020980835,7.28000020980835,0.0,1.00999999046326,0.330000013113022,5.94000005722046,0.0,13,8,359,552,2367,0.9521072796934866,High
4319703577,2016-04-29,1,523,546,2016-04-29,7990,5.3600001335144,5.3600001335144,0.0,0.449999988079071,0.790000021457672,4.11999988555908,0.0,6,18,289,624,2175,0.9578754578754579,Low
4319703577,2016-04-30,1,490,516,2016-04-30,8221,5.51999998092651,5.51999998092651,0.0,0.400000005960464,1.61000001430511,3.50999999046326,0.0,6,38,196,695,2092,0.9496124031007752,Low
4319703577,2016-05-01,1,484,500,2016-05-01,1251,0.839999973773956,0.839999973773956,0.0,0.0,0.0,0.839999973773956,0.0,0,0,67,836,1593,0.968,Low
4319703577,2016-05-02,1,478,506,2016-05-02,9261,6.23999977111816,6.23999977111816,0.0,0.0,0.439999997615814,5.71000003814697,0.0,0,11,344,585,2270,0.9446640316205533,High
4319703577,2016-05-03,1,474,512,2016-05-03,9648,6.46999979019165,6.46999979019165,0.0,0.579999983310699,1.07000005245209,4.82999992370605,0.0,8,26,287,669,2235,0.92578125,High
4319703577,2016-05-06,1,450,491,2016-05-06,9524,6.42000007629395,6.42000007629395,0.0,0.409999996423721,0.469999998807907,5.46000003814697,0.0,6,11,314,692,2266,0.9164969450101833,High
4319703577,2016-05-07,1,507,530,2016-05-07,7937,5.32999992370605,5.32999992370605,0.0,0.189999997615814,1.04999995231628,4.07999992370605,0.0,3,28,279,586,2158,0.9566037735849057,Low
4319703577,2016-05-08,1,602,638,2016-05-08,3672,2.46000003814697,2.46000003814697,0.0,0.0,0.0,2.46000003814697,0.0,0,0,153,603,1792,0.9435736677115988,Low
4319703577,2016-05-09,1,535,565,2016-05-09,10378,6.96000003814697,6.96000003814697,0.0,0.140000000596046,0.560000002384186,6.25,0.0,2,14,374,490,2345,0.9469026548672567,High
4319703577,2016-05-10,1,487,517,2016-05-10,9487,6.36999988555908,6.36999988555908,0.0,0.209999993443489,0.46000000834465,5.69999980926514,0.0,3,12,329,555,2260,0.941972920696325,High
4319703577,2016-05-11,1,529,558,2016-05-11,9129,6.13000011444092,6.13000011444092,0.0,0.200000002980232,0.740000009536743,5.17999982833862,0.0,3,18,311,574,2232,0.9480286738351255,High
4319703577,2016-05-12,1,302,321,2016-05-12,17,0.0099999997764825,0.0099999997764825,0.0,0.0,0.0,0.0099999997764825,0.0,0,0,2,0,257,0.940809968847352,Low
4388161847,2016-04-15,1,499,526,2016-04-15,8758,6.73000001907349,6.73000001907349,0.0,0.0,0.0,6.73000001907349,0.0,0,0,299,837,3066,0.9486692015209125,High
4388161847,2016-04-16,2,426,448,2016-04-16,6580,5.05999994277954,5.05999994277954,0.0,0.209999993443489,0.400000005960464,4.44999980926514,0.0,6,9,253,609,3073,0.9508928571428571,High
4388161847,2016-04-17,2,619,641,2016-04-17,4660,3.57999992370605,3.57999992370605,0.0,0.0,0.0,3.57999992370605,0.0,0,0,201,721,2572,0.9656786271450858,High
4388161847,2016-04-18,1,99,104,2016-04-18,11009,9.10000038146973,9.10000038146973,0.0,3.55999994277954,0.400000005960464,5.1399998664856,0.0,27,8,239,1017,3274,0.9519230769230769,High
4388161847,2016-04-19,1,329,338,2016-04-19,10181,7.82999992370605,7.82999992370605,0.0,1.37000000476837,0.689999997615814,5.76999998092651,0.0,20,16,249,704,3015,0.9733727810650887,High
4388161847,2016-04-20,1,421,451,2016-04-20,10553,8.11999988555908,8.11999988555908,0.0,1.10000002384186,1.72000002861023,5.28999996185303,0.0,19,42,228,696,3083,0.9334811529933481,High
4388161847,2016-04-21,1,442,458,2016-04-21,10055,7.73000001907349,7.73000001907349,0.0,0.370000004768372,0.389999985694885,6.98000001907349,0.0,7,12,272,853,3069,0.9650655021834061,High
4388161847,2016-04-22,1,82,85,2016-04-22,12139,9.34000015258789,9.34000015258789,0.0,3.29999995231628,1.11000001430511,4.92000007629395,0.0,77,25,220,945,3544,0.9647058823529412,High
4388161847,2016-04-23,1,478,501,2016-04-23,13236,10.1800003051758,10.1800003051758,0.0,4.5,0.319999992847443,5.34999990463257,0.0,58,5,215,749,3306,0.9540918163672655,High
4388161847,2016-04-24,3,552,595,2016-04-24,10243,7.88000011444092,7.88000011444092,0.0,1.08000004291534,0.509999990463257,6.30000019073486,0.0,14,8,239,584,2885,0.9277310924369748,High
4388161847,2016-04-26,1,319,346,2016-04-26,9461,7.28000020980835,7.28000020980835,0.0,0.939999997615814,1.05999994277954,5.26999998092651,0.0,14,23,224,673,2929,0.9219653179190751,High
4388161847,2016-04-27,1,439,500,2016-04-27,11193,8.60999965667725,8.60999965667725,0.0,0.699999988079071,2.50999999046326,5.3899998664856,0.0,11,48,241,684,3074,0.878,High
4388161847,2016-04-28,1,428,458,2016-04-28,10074,7.75,7.75,0.0,1.28999996185303,0.430000007152557,6.03000020980835,0.0,19,9,234,878,2969,0.9344978165938864,High
4388161847,2016-04-30,2,409,430,2016-04-30,12533,9.64000034332275,9.64000034332275,0.0,0.699999988079071,2.0,6.94000005722046,0.0,14,43,300,537,3283,0.9511627906976744,High
4388161847,2016-05-01,1,547,597,2016-05-01,10255,7.8899998664856,7.8899998664856,0.0,1.00999999046326,0.680000007152557,6.19999980926514,0.0,12,15,241,579,2926,0.916247906197655,High
4388161847,2016-05-02,2,368,376,2016-05-02,10096,8.39999961853027,8.39999961853027,0.0,3.76999998092651,0.0799999982118607,4.55000019073486,0.0,33,4,204,935,3147,0.9787234042553191,High
4388161847,2016-05-04,1,390,414,2016-05-04,12375,9.52000045776367,9.52000045776367,0.0,2.78999996185303,0.930000007152557,5.80000019073486,0.0,35,21,251,632,3162,0.9420289855072463,High
4388161847,2016-05-05,1,471,495,2016-05-05,9603,7.38000011444092,7.38000011444092,0.0,0.629999995231628,1.66999995708466,5.09000015258789,0.0,12,39,199,896,2899,0.9515151515151515,High
4388161847,2016-05-05,1,471,495,2016-05-05,9603,7.38000011444092,7.38000011444092,0.0,0.629999995231628,1.66999995708466,5.09000015258789,0.0,12,39,199,896,2899,0.9515151515151515,High
4388161847,2016-05-07,1,472,496,2016-05-07,22770,17.5400009155273,17.5400009155273,0.0,9.44999980926514,2.76999998092651,5.32999992370605,0.0,120,56,260,508,4022,0.9516129032258065,High
4388161847,2016-05-08,2,529,541,2016-05-08,17298,14.3800001144409,14.3800001144409,0.0,9.89000034332275,1.25999999046326,3.23000001907349,0.0,107,38,178,576,3934,0.977818853974122,High
4388161847,2016-05-09,1,62,65,2016-05-09,10218,7.8600001335144,7.8600001335144,0.0,0.340000003576279,0.730000019073486,6.78999996185303,0.0,6,19,258,1020,3013,0.9538461538461539,High
4388161847,2016-05-10,1,354,375,2016-05-10,10299,7.92000007629395,7.92000007629395,0.0,0.810000002384186,0.649999976158142,6.46000003814697,0.0,13,14,267,648,3061,0.944,High
4388161847,2016-05-11,1,469,494,2016-05-11,10201,7.84000015258789,7.84000015258789,0.0,0.529999971389771,0.790000021457672,6.53000020980835,0.0,8,18,256,858,2954,0.9493927125506073,High
4445114986,2016-04-12,2,429,457,2016-04-12,3276,2.20000004768372,2.20000004768372,0.0,0.0,0.0,2.20000004768372,0.0,0,0,196,787,2113,0.9387308533916849,Low
4445114986,2016-04-13,2,370,406,2016-04-13,2961,1.99000000953674,1.99000000953674,0.0,0.0,0.0,1.99000000953674,0.0,0,0,194,840,2095,0.9113300492610837,Low
4445114986,2016-04-14,1,441,492,2016-04-14,3974,2.67000007629395,2.67000007629395,0.0,0.0,0.0,2.67000007629395,0.0,0,0,231,717,2194,0.8963414634146342,Low
4445114986,2016-04-15,2,337,379,2016-04-15,7198,4.82999992370605,4.82999992370605,0.0,0.0,0.0,4.82999992370605,0.0,0,0,350,711,2496,0.8891820580474934,High
4445114986,2016-04-16,1,462,499,2016-04-16,3945,2.65000009536743,2.65000009536743,0.0,0.0,0.0,2.65000009536743,0.0,0,0,225,716,2180,0.9258517034068137,Low
4445114986,2016-04-17,1,98,107,2016-04-17,2268,1.51999998092651,1.51999998092651,0.0,0.0,0.0,1.51999998092651,0.0,0,0,114,1219,1933,0.9158878504672897,Low
4445114986,2016-04-19,2,388,424,2016-04-19,2064,1.38999998569489,1.38999998569489,0.0,0.0,0.0,1.38999998569489,0.0,0,0,121,895,1954,0.9150943396226415,Low
4445114986,2016-04-20,1,439,462,2016-04-20,2072,1.38999998569489,1.38999998569489,0.0,0.0,0.0,1.38999998569489,0.0,0,0,137,841,1974,0.9502164502164502,Low
4445114986,2016-04-21,1,436,469,2016-04-21,3809,2.55999994277954,2.55999994277954,0.0,0.0,0.0,2.53999996185303,0.0,0,0,215,756,2150,0.929637526652452,Low
4445114986,2016-04-22,1,388,417,2016-04-22,6831,4.57999992370605,4.57999992370605,0.0,0.0,0.0,4.57999992370605,0.0,0,0,317,706,2432,0.9304556354916067,High
4445114986,2016-04-25,1,328,345,2016-04-25,3385,2.26999998092651,2.26999998092651,0.0,0.0,0.0,2.26999998092651,0.0,0,0,179,916,2070,0.9507246376811594,Low
4445114986,2016-04-26,2,353,391,2016-04-26,6326,4.40999984741211,4.40999984741211,0.0,2.41000008583069,0.0399999991059303,1.96000003814697,0.0,29,1,180,839,2291,0.9028132992327366,High
4445114986,2016-04-27,1,332,374,2016-04-27,7243,5.03000020980835,5.03000020980835,0.0,2.61999988555908,0.0299999993294477,2.38000011444092,0.0,32,1,194,839,2361,0.8877005347593583,High
4445114986,2016-04-28,1,419,442,2016-04-28,4493,3.00999999046326,3.00999999046326,0.0,0.0,0.0,3.00999999046326,0.0,0,0,236,762,2203,0.9479638009049773,High
4445114986,2016-04-29,1,106,108,2016-04-29,4676,3.14000010490417,3.14000010490417,0.0,0.0,0.0,3.13000011444092,0.0,0,0,226,1106,2196,0.9814814814814815,Low
4445114986,2016-04-30,1,322,353,2016-04-30,6222,4.17999982833862,4.17999982833862,0.0,0.0,0.0,4.17999982833862,0.0,0,0,290,797,2363,0.9121813031161473,High
4445114986,2016-05-01,2,439,459,2016-05-01,5232,3.50999999046326,3.50999999046326,0.0,0.0,0.0,3.50999999046326,0.0,0,0,240,741,2246,0.9564270152505446,High
4445114986,2016-05-02,1,502,542,2016-05-02,6910,4.75,4.75,0.0,2.21000003814697,0.189999997615814,2.34999990463257,0.0,27,4,200,667,2336,0.9261992619926199,High
4445114986,2016-05-03,2,417,450,2016-05-03,7502,5.17999982833862,5.17999982833862,0.0,2.48000001907349,0.109999999403954,2.57999992370605,0.0,30,2,233,725,2421,0.9266666666666666,High
4445114986,2016-05-04,2,337,363,2016-05-04,2923,1.96000003814697,1.96000003814697,0.0,0.0,0.0,1.96000003814697,0.0,0,0,180,897,2070,0.928374655647383,Low
4445114986,2016-05-05,2,462,513,2016-05-05,3800,2.54999995231628,2.54999995231628,0.0,0.119999997317791,0.239999994635582,2.1800000667572,0.0,2,6,185,734,2120,0.9005847953216374,Low
4445114986,2016-05-06,2,374,402,2016-05-06,4514,3.02999997138977,3.02999997138977,0.0,0.0,0.0,3.02999997138977,0.0,0,0,229,809,2211,0.9303482587064676,High
4445114986,2016-05-07,2,401,436,2016-05-07,5183,3.58999991416931,3.58999991416931,0.0,2.13000011444092,0.189999997615814,1.25,0.0,26,4,108,866,2123,0.9197247706422018,Low
4445114986,2016-05-08,1,361,391,2016-05-08,7303,4.90000009536743,4.90000009536743,0.0,0.0,0.25,4.65000009536743,0.0,0,8,308,733,2423,0.9232736572890026,High
4445114986,2016-05-09,1,457,533,2016-05-09,5275,3.53999996185303,3.53999996185303,0.0,0.0,0.0,3.53999996185303,0.0,0,0,266,641,2281,0.8574108818011257,High
4445114986,2016-05-10,1,405,426,2016-05-10,3915,2.63000011444092,2.63000011444092,0.0,0.0,0.0,2.63000011444092,0.0,0,0,231,783,2181,0.9507042253521126,Low
4445114986,2016-05-11,1,499,530,2016-05-11,9105,6.1100001335144,6.1100001335144,0.0,2.25,1.0,2.85999989509583,0.0,34,22,232,622,2499,0.9415094339622642,High
4445114986,2016-05-12,1,483,501,2016-05-12,768,0.519999980926514,0.519999980926514,0.0,0.0,0.0,0.519999980926514,0.0,0,0,58,380,1212,0.9640718562874252,Low
4558609924,2016-04-21,1,126,137,2016-04-21,13743,9.07999992370605,9.07999992370605,0.0,0.419999986886978,0.970000028610229,7.69999980926514,0.0,6,21,432,844,2486,0.9197080291970803,High
4558609924,2016-04-26,1,103,121,2016-04-26,9148,6.05000019073486,6.05000019073486,0.0,0.430000007152557,2.02999997138977,3.58999991416931,0.0,12,41,283,1062,2223,0.8512396694214877,High
4558609924,2016-04-29,1,171,179,2016-04-29,7833,5.17999982833862,5.17999982833862,0.0,1.01999998092651,1.85000002384186,2.30999994277954,0.0,15,29,197,1096,1918,0.9553072625698324,Low
4558609924,2016-05-01,1,115,129,2016-05-01,3428,2.26999998092651,2.26999998092651,0.0,0.0,0.0,2.26999998092651,0.0,0,0,190,1121,1692,0.8914728682170543,Low
4558609924,2016-05-08,1,123,134,2016-05-08,6543,4.32999992370605,4.32999992370605,0.0,1.79999995231628,0.5,2.01999998092651,0.0,66,35,238,1019,2666,0.917910447761194,High
4702921684,2016-04-12,1,425,439,2016-04-12,7213,5.88000011444092,5.88000011444092,0.0,0.0,0.0,5.84999990463257,0.0,0,0,263,718,2947,0.9681093394077449,High
4702921684,2016-04-13,2,400,430,2016-04-13,6877,5.57999992370605,5.57999992370605,0.0,0.0,0.0,5.57999992370605,0.0,0,0,258,777,2898,0.9302325581395349,High
4702921684,2016-04-14,1,384,415,2016-04-14,7860,6.36999988555908,6.36999988555908,0.0,0.0,0.0,6.36999988555908,0.0,0,0,271,772,2984,0.9253012048192771,High
4702921684,2016-04-15,1,253,257,2016-04-15,6506,5.28000020980835,5.28000020980835,0.0,0.0700000002980232,0.419999986886978,4.78999996185303,0.0,1,8,256,944,2896,0.9844357976653697,High
4702921684,2016-04-16,2,382,406,2016-04-16,11140,9.02999973297119,9.02999973297119,0.0,0.239999994635582,1.25,7.53999996185303,0.0,3,24,335,556,3328,0.9408866995073891,High
4702921684,2016-04-17,1,591,612,2016-04-17,12692,10.289999961853,10.289999961853,0.0,0.959999978542328,3.46000003814697,5.88000011444092,0.0,12,66,302,437,3394,0.9656862745098039,High
4702921684,2016-04-18,1,293,312,2016-04-18,9105,7.38000011444092,7.38000011444092,0.0,1.82000005245209,1.49000000953674,4.07000017166138,0.0,22,30,191,890,3013,0.9391025641025641,High
4702921684,2016-04-19,1,457,487,2016-04-19,6708,5.44000005722046,5.44000005722046,0.0,0.879999995231628,0.370000004768372,4.19000005722046,0.0,10,8,179,757,2812,0.9383983572895277,High
4702921684,2016-04-20,1,454,468,2016-04-20,8793,7.13000011444092,7.13000011444092,0.0,0.159999996423721,1.23000001907349,5.73000001907349,0.0,2,29,260,717,3061,0.9700854700854701,High
4702921684,2016-04-21,1,425,434,2016-04-21,6530,5.30000019073486,5.30000019073486,0.0,0.310000002384186,2.04999995231628,2.94000005722046,0.0,4,41,144,901,2729,0.9792626728110599,High
4702921684,2016-04-23,1,465,475,2016-04-23,15126,12.2700004577637,12.2700004577637,0.0,0.759999990463257,3.24000000953674,8.27000045776367,0.0,9,66,408,469,3691,0.9789473684210527,High
4702921684,2016-04-24,1,480,506,2016-04-24,15050,12.2200002670288,12.2200002670288,0.0,1.20000004768372,5.11999988555908,5.88000011444092,0.0,15,95,281,542,3538,0.9486166007905138,High
4702921684,2016-04-25,1,370,380,2016-04-25,9167,7.42999982833862,7.42999982833862,0.0,0.490000009536743,0.819999992847443,6.1100001335144,0.0,6,15,270,730,3064,0.9736842105263158,High
4702921684,2016-04-26,1,421,429,2016-04-26,6108,4.94999980926514,4.94999980926514,0.0,0.0700000002980232,0.349999994039536,4.53999996185303,0.0,1,8,216,765,2784,0.9813519813519813,High
4702921684,2016-04-27,1,432,449,2016-04-27,7047,5.71999979019165,5.71999979019165,0.0,0.0900000035762787,0.800000011920929,4.78000020980835,0.0,1,16,238,733,2908,0.9621380846325167,High
4702921684,2016-04-28,1,442,461,2016-04-28,9023,7.32000017166138,7.32000017166138,0.0,1.12999999523163,0.419999986886978,5.76999998092651,0.0,14,9,232,738,3033,0.9587852494577006,High
4702921684,2016-04-29,1,433,447,2016-04-29,9930,8.05000019073486,8.05000019073486,0.0,1.05999994277954,0.920000016689301,6.07000017166138,0.0,12,19,267,692,3165,0.9686800894854586,High
4702921684,2016-04-30,1,479,501,2016-04-30,10144,8.22999954223633,8.22999954223633,0.0,0.319999992847443,2.02999997138977,5.88000011444092,0.0,4,36,263,728,3115,0.9560878243512974,High
4702921684,2016-05-03,1,327,373,2016-05-03,9454,7.67000007629395,7.67000007629395,0.0,0.0,0.0,7.67000007629395,0.0,0,0,313,729,3145,0.8766756032171582,High
4702921684,2016-05-04,1,412,434,2016-05-04,8161,6.61999988555908,6.61999988555908,0.0,0.340000003576279,0.730000019073486,5.53999996185303,0.0,4,15,251,757,3004,0.9493087557603687,High
4702921684,2016-05-05,1,414,428,2016-05-05,8614,6.98999977111816,6.98999977111816,0.0,0.670000016689301,0.219999998807907,6.09000015258789,0.0,8,5,241,745,3006,0.9672897196261683,High
4702921684,2016-05-06,1,404,449,2016-05-06,6943,5.63000011444092,5.63000011444092,0.0,0.0799999982118607,0.660000026226044,4.86999988555908,0.0,1,16,207,682,2859,0.8997772828507795,High
4702921684,2016-05-07,1,520,543,2016-05-07,14370,11.6499996185303,11.6499996185303,0.0,0.370000004768372,2.30999994277954,8.97000026702881,0.0,5,46,439,577,3683,0.9576427255985267,High
4702921684,2016-05-07,1,520,543,2016-05-07,14370,11.6499996185303,11.6499996185303,0.0,0.370000004768372,2.30999994277954,8.97000026702881,0.0,5,46,439,577,3683,0.9576427255985267,High
4702921684,2016-05-09,1,435,458,2016-05-09,8232,6.67999982833862,6.67999982833862,0.0,0.0,0.569999992847443,6.09999990463257,0.0,0,12,253,746,2990,0.9497816593886463,High
4702921684,2016-05-10,1,416,431,2016-05-10,10613,8.60999965667725,8.60999965667725,0.0,0.0799999982118607,1.87999999523163,6.65000009536743,0.0,1,37,262,701,3172,0.9651972157772621,High
4702921684,2016-05-11,1,354,366,2016-05-11,9810,7.96000003814697,7.96000003814697,0.0,0.779999971389771,2.16000008583069,4.98000001907349,0.0,10,41,235,784,3069,0.9672131147540983,High
4702921684,2016-05-12,1,404,442,2016-05-12,2752,2.23000001907349,2.23000001907349,0.0,0.0,0.0,2.23000001907349,0.0,0,0,68,241,1240,0.9140271493212669,Low
5553957443,2016-04-12,1,441,464,2016-04-12,11596,7.57000017166138,7.57000017166138,0.0,1.37000000476837,0.790000021457672,5.40999984741211,0.0,19,13,277,767,2026,0.9504310344827587,Low
5553957443,2016-04-13,2,455,488,2016-04-13,4832,3.16000008583069,3.16000008583069,0.0,0.0,0.0,3.16000008583069,0.0,0,0,226,647,1718,0.9323770491803278,Low
5553957443,2016-04-14,1,357,418,2016-04-14,17022,11.1199998855591,11.1199998855591,0.0,4.0,2.45000004768372,4.67000007629395,0.0,61,41,256,693,2324,0.854066985645933,High
5553957443,2016-04-15,1,377,409,2016-04-15,16556,10.8599996566772,10.8599996566772,0.0,4.15999984741211,1.98000001907349,4.71000003814697,0.0,58,38,239,689,2254,0.921760391198044,High
5553957443,2016-04-16,2,651,686,2016-04-16,5771,3.76999998092651,3.76999998092651,0.0,0.0,0.0,3.76999998092651,0.0,0,0,288,521,1831,0.9489795918367347,Low
5553957443,2016-04-17,1,350,402,2016-04-17,655,0.430000007152557,0.430000007152557,0.0,0.0,0.0,0.430000007152557,0.0,0,0,46,943,1397,0.8706467661691543,Low
5553957443,2016-04-18,2,520,541,2016-04-18,3727,2.4300000667572,2.4300000667572,0.0,0.0,0.0,2.4300000667572,0.0,0,0,206,622,1683,0.9611829944547134,Low
5553957443,2016-04-19,1,357,410,2016-04-19,15482,10.1099996566772,10.1099996566772,0.0,4.28000020980835,1.6599999666214,4.17999982833862,0.0,69,28,249,756,2284,0.8707317073170732,High
5553957443,2016-04-20,1,658,678,2016-04-20,2713,1.76999998092651,1.76999998092651,0.0,0.0,0.0,1.76999998092651,0.0,0,0,148,598,1570,0.9705014749262537,Low
5553957443,2016-04-21,1,399,431,2016-04-21,12346,8.0600004196167,8.0600004196167,0.0,2.95000004768372,2.16000008583069,2.96000003814697,0.0,47,42,177,801,2066,0.925754060324826,Low
5553957443,2016-04-22,1,322,353,2016-04-22,11682,7.63000011444092,7.63000011444092,0.0,1.37999999523163,0.629999995231628,5.59999990463257,0.0,25,16,270,781,2105,0.9121813031161473,Low
5553957443,2016-04-23,2,631,725,2016-04-23,4112,2.69000005722046,2.69000005722046,0.0,0.0,0.0,2.6800000667572,0.0,0,0,272,443,1776,0.8703448275862069,Low
5553957443,2016-04-24,2,553,640,2016-04-24,1807,1.17999994754791,1.17999994754791,0.0,0.0,0.0,1.17999994754791,0.0,0,0,104,582,1507,0.8640625,Low
5553957443,2016-04-25,1,433,468,2016-04-25,10946,7.19000005722046,7.19000005722046,0.0,2.9300000667572,0.569999992847443,3.69000005722046,0.0,51,11,201,732,2033,0.9252136752136753,Low
5553957443,2016-04-26,1,412,453,2016-04-26,11886,7.76000022888184,7.76000022888184,0.0,2.36999988555908,0.930000007152557,4.46000003814697,0.0,40,18,238,750,2093,0.9094922737306843,Low
5553957443,2016-04-27,1,347,391,2016-04-27,10538,6.88000011444092,6.88000011444092,0.0,1.13999998569489,1.0,4.73999977111816,0.0,16,16,206,745,1922,0.887468030690537,Low
5553957443,2016-04-28,1,421,457,2016-04-28,11393,7.63000011444092,7.63000011444092,0.0,3.71000003814697,0.75,3.17000007629395,0.0,49,13,165,727,1999,0.9212253829321663,Low
5553957443,2016-04-29,1,450,495,2016-04-29,12764,8.32999992370605,8.32999992370605,0.0,2.78999996185303,0.639999985694885,4.90999984741211,0.0,46,15,270,709,2169,0.9090909090909091,Low
5553957443,2016-04-30,2,775,843,2016-04-30,1202,0.779999971389771,0.779999971389771,0.0,0.0,0.0,0.779999971389771,0.0,0,0,84,506,1463,0.9193357058125742,Low
5553957443,2016-05-01,2,622,686,2016-05-01,5164,3.36999988555908,3.36999988555908,0.0,0.0,0.0,3.36999988555908,0.0,0,0,237,436,1747,0.9067055393586005,Low
5553957443,2016-05-02,1,409,471,2016-05-02,9769,6.38000011444092,6.38000011444092,0.0,1.05999994277954,0.409999996423721,4.90000009536743,0.0,23,9,227,724,1996,0.8683651804670913,Low
5553957443,2016-05-03,1,380,429,2016-05-03,12848,8.39000034332275,8.39000034332275,0.0,1.5,1.20000004768372,5.67999982833862,0.0,26,29,247,812,2116,0.8857808857808858,Low
5553957443,2016-05-04,1,447,470,2016-05-04,4249,2.76999998092651,2.76999998092651,0.0,0.0,0.0,2.76999998092651,0.0,0,0,224,651,1698,0.951063829787234,Low
5553957443,2016-05-05,1,419,464,2016-05-05,14331,9.51000022888184,9.51000022888184,0.0,3.4300000667572,1.6599999666214,4.42999982833862,0.0,44,29,241,692,2156,0.9030172413793104,Low
5553957443,2016-05-06,1,400,434,2016-05-06,9632,6.28999996185303,6.28999996185303,0.0,1.51999998092651,0.540000021457672,4.23000001907349,0.0,21,9,229,761,1916,0.9216589861751152,Low
5553957443,2016-05-07,1,442,470,2016-05-07,1868,1.22000002861023,1.22000002861023,0.0,0.0,0.0,1.22000002861023,0.0,0,0,96,902,1494,0.9404255319148936,Low
5553957443,2016-05-08,1,568,608,2016-05-08,6083,4.0,4.0,0.0,0.219999998807907,0.469999998807907,3.29999995231628,0.0,3,8,210,505,1762,0.9342105263157895,Low
5553957443,2016-05-09,1,453,494,2016-05-09,11611,7.57999992370605,7.57999992370605,0.0,2.13000011444092,0.889999985694885,4.55999994277954,0.0,59,22,251,667,2272,0.917004048582996,High
5553957443,2016-05-10,1,418,443,2016-05-10,16358,10.710000038147,10.710000038147,0.0,3.86999988555908,1.61000001430511,5.19999980926514,0.0,61,40,265,707,2335,0.9435665914221218,High
5553957443,2016-05-11,1,463,486,2016-05-11,4926,3.22000002861023,3.22000002861023,0.0,0.0,0.0,3.22000002861023,0.0,0,0,195,628,1693,0.9526748971193416,Low
5553957443,2016-05-12,1,438,475,2016-05-12,3121,2.03999996185303,2.03999996185303,0.0,0.579999983310699,0.400000005960464,1.05999994277954,0.0,8,6,48,222,741,0.9221052631578948,Low
5577150313,2016-04-12,1,419,438,2016-04-12,8135,6.07999992370605,6.07999992370605,0.0,3.59999990463257,0.379999995231628,2.09999990463257,0.0,86,16,140,728,3405,0.95662100456621,High
5577150313,2016-04-13,1,432,458,2016-04-13,5077,3.78999996185303,3.78999996185303,0.0,0.319999992847443,0.219999998807907,3.25,0.0,15,11,144,776,2551,0.9432314410480349,High
5577150313,2016-04-14,1,477,497,2016-04-14,8596,6.42000007629395,6.42000007629395,0.0,3.32999992370605,0.310000002384186,2.77999997138977,0.0,118,30,176,662,4022,0.959758551307847,High
5577150313,2016-04-15,1,392,413,2016-04-15,12087,9.07999992370605,9.07999992370605,0.0,3.92000007629395,1.60000002384186,3.55999994277954,0.0,115,54,199,695,4005,0.9491525423728814,High
5577150313,2016-04-16,1,406,445,2016-04-16,14269,10.6599998474121,10.6599998474121,0.0,6.6399998664856,1.27999997138977,2.73000001907349,0.0,184,56,158,472,4274,0.9123595505617977,High
5577150313,2016-04-17,1,549,583,2016-04-17,12231,9.14000034332275,9.14000034332275,0.0,5.98000001907349,0.829999983310699,2.3199999332428,0.0,200,37,159,525,4552,0.9416809605488851,High
5577150313,2016-04-18,1,527,553,2016-04-18,9893,7.3899998664856,7.3899998664856,0.0,4.8600001335144,0.720000028610229,1.82000005245209,0.0,114,32,130,623,3625,0.9529837251356239,High
5577150313,2016-04-19,1,449,465,2016-04-19,12574,9.42000007629395,9.42000007629395,0.0,7.01999998092651,0.639999985694885,1.75999999046326,0.0,108,23,111,733,3501,0.9655913978494624,High
5577150313,2016-04-20,1,447,480,2016-04-20,8330,6.21999979019165,6.21999979019165,0.0,4.11999988555908,0.340000003576279,1.75999999046326,0.0,87,16,113,773,3192,0.93125,High
5577150313,2016-04-21,1,414,437,2016-04-21,10830,8.09000015258789,8.09000015258789,0.0,3.65000009536743,1.6599999666214,2.77999997138977,0.0,110,74,175,670,4018,0.9473684210526315,High
5577150313,2016-04-22,1,338,366,2016-04-22,9172,6.84999990463257,6.84999990463257,0.0,2.42000007629395,0.790000021457672,3.29999995231628,0.0,62,30,200,823,3329,0.9234972677595629,High
5577150313,2016-04-23,1,384,402,2016-04-23,7638,5.71000003814697,5.71000003814697,0.0,1.21000003814697,0.360000014305115,4.1399998664856,0.0,24,24,223,627,3152,0.9552238805970149,High
5577150313,2016-04-24,1,543,615,2016-04-24,15764,11.7799997329712,11.7799997329712,0.0,7.65000009536743,2.15000009536743,1.98000001907349,0.0,210,65,141,425,4392,0.8829268292682927,High
5577150313,2016-04-25,1,421,461,2016-04-25,6393,4.78000020980835,4.78000020980835,0.0,1.35000002384186,0.670000016689301,2.75999999046326,0.0,61,38,214,743,3374,0.913232104121475,High
5577150313,2016-04-26,1,354,377,2016-04-26,5325,3.98000001907349,3.98000001907349,0.0,0.850000023841858,0.649999976158142,2.47000002861023,0.0,38,32,181,759,3088,0.9389920424403183,High
5577150313,2016-04-27,1,424,452,2016-04-27,6805,5.1399998664856,5.1399998664856,0.0,1.80999994277954,0.400000005960464,2.9300000667572,0.0,63,16,190,773,3294,0.9380530973451328,High
5577150313,2016-04-28,1,361,372,2016-04-28,9841,7.42999982833862,7.42999982833862,0.0,3.25,1.16999995708466,3.00999999046326,0.0,99,51,141,692,3580,0.9704301075268817,High
5577150313,2016-04-29,1,459,485,2016-04-29,7924,5.92000007629395,5.92000007629395,0.0,2.83999991416931,0.610000014305115,2.47000002861023,0.0,97,36,165,739,3544,0.9463917525773196,High
5577150313,2016-04-30,1,412,433,2016-04-30,12363,9.23999977111816,9.23999977111816,0.0,5.82999992370605,0.790000021457672,2.60999989509583,0.0,207,45,163,621,4501,0.9515011547344111,High
5577150313,2016-05-01,1,379,398,2016-05-01,13368,9.98999977111816,9.98999977111816,0.0,5.30999994277954,1.44000005722046,3.24000000953674,0.0,194,72,178,499,4546,0.9522613065326633,High
5577150313,2016-05-02,2,525,553,2016-05-02,7439,5.55999994277954,5.55999994277954,0.0,1.12000000476837,0.349999994039536,4.07000017166138,0.0,37,20,235,732,3014,0.9493670886075949,High
5577150313,2016-05-03,1,508,543,2016-05-03,11045,8.25,8.25,0.0,4.51999998092651,0.150000005960464,3.5699999332428,0.0,97,8,212,580,3795,0.9355432780847146,High
5577150313,2016-05-04,1,603,634,2016-05-04,5206,3.89000010490417,3.89000010490417,0.0,1.55999994277954,0.25,2.07999992370605,0.0,25,9,141,631,2755,0.9511041009463722,High
5577150313,2016-05-05,1,74,78,2016-05-05,7550,5.6399998664856,5.6399998664856,0.0,2.5,0.469999998807907,2.67000007629395,0.0,45,21,143,1153,3004,0.9487179487179487,High
5577150313,2016-05-10,1,504,562,2016-05-10,8869,6.65000009536743,6.65000009536743,0.0,2.55999994277954,0.75,3.34999990463257,0.0,104,37,194,639,3841,0.896797153024911,High
5577150313,2016-05-11,1,431,476,2016-05-11,4038,3.03999996185303,3.03999996185303,0.0,1.83000004291534,0.300000011920929,0.889999985694885,0.0,45,15,63,257,1665,0.9054621848739496,Low
6117666160,2016-04-16,1,380,398,2016-04-16,14450,10.9099998474121,10.9099998474121,0.0,0.579999983310699,0.850000023841858,9.47999954223633,0.0,7,15,518,502,2828,0.9547738693467337,High
6117666160,2016-04-17,2,336,350,2016-04-17,7150,5.40000009536743,5.40000009536743,0.0,0.0,0.0,5.40000009536743,0.0,0,0,312,702,2225,0.96,High
6117666160,2016-04-18,2,493,510,2016-04-18,5153,3.91000008583069,3.91000008583069,0.0,0.0,0.0,3.89000010490417,0.0,0,0,241,759,2018,0.9666666666666667,Low
6117666160,2016-04-19,1,465,492,2016-04-19,11135,8.40999984741211,8.40999984741211,0.0,0.0,0.0,8.40999984741211,0.0,0,0,480,425,2606,0.9451219512195121,High
6117666160,2016-04-20,1,474,502,2016-04-20,10449,8.02000045776367,8.02000045776367,0.0,2.02999997138977,0.479999989271164,5.51999998092651,0.0,26,10,349,587,2536,0.9442231075697212,High
6117666160,2016-04-21,1,508,550,2016-04-21,19542,15.0100002288818,15.0100002288818,0.0,0.980000019073486,0.400000005960464,5.61999988555908,0.0,11,19,294,579,4900,0.9236363636363636,High
6117666160,2016-04-22,1,480,546,2016-04-22,8206,6.19999980926514,6.19999980926514,0.0,0.0,0.0,6.19999980926514,0.0,0,0,402,413,2409,0.8791208791208791,High
6117666160,2016-04-23,1,492,539,2016-04-23,11495,8.68000030517578,8.68000030517578,0.0,0.0,0.0,8.68000030517578,0.0,0,0,512,468,2651,0.9128014842300557,High
6117666160,2016-04-24,1,353,367,2016-04-24,7623,5.76000022888184,5.76000022888184,0.0,0.0,0.0,5.76000022888184,0.0,0,0,362,711,2305,0.9618528610354223,High
6117666160,2016-04-27,1,542,557,2016-04-27,9411,7.1100001335144,7.1100001335144,0.0,0.0,0.0,7.1100001335144,0.0,0,0,458,417,2576,0.9730700179533214,High
6117666160,2016-04-28,1,393,416,2016-04-28,3403,2.59999990463257,2.59999990463257,0.0,0.0,0.0,2.59999990463257,0.0,0,0,141,758,1879,0.9447115384615384,Low
6117666160,2016-04-29,1,600,636,2016-04-29,9592,7.23999977111816,7.23999977111816,0.0,0.0,0.0,7.23999977111816,0.0,0,0,461,479,2560,0.9433962264150944,High
6117666160,2016-05-01,1,507,575,2016-05-01,8915,6.73000001907349,6.73000001907349,0.0,0.0,0.0,6.73000001907349,0.0,0,0,397,525,2361,0.8817391304347826,High
6117666160,2016-05-05,1,392,415,2016-05-05,9799,7.40000009536743,7.40000009536743,0.0,0.0,0.0,7.40000009536743,0.0,0,0,487,479,2636,0.944578313253012,High
6117666160,2016-05-06,2,658,698,2016-05-06,3365,2.6800000667572,2.6800000667572,0.0,0.0,0.0,2.6800000667572,0.0,0,0,133,673,1838,0.9426934097421203,Low
6117666160,2016-05-07,2,498,507,2016-05-07,7336,5.53999996185303,5.53999996185303,0.0,0.0,0.0,5.53999996185303,0.0,0,0,412,456,2469,0.9822485207100592,High
6117666160,2016-05-08,1,555,603,2016-05-08,7328,5.53000020980835,5.53000020980835,0.0,0.0,0.0,5.53000020980835,0.0,0,0,318,517,2250,0.9203980099502488,High
6117666160,2016-05-09,1,492,522,2016-05-09,4477,3.38000011444092,3.38000011444092,0.0,0.0,0.0,3.38000011444092,0.0,0,0,197,125,1248,0.9425287356321839,Low
6775888955,2016-04-13,1,235,260,2016-04-13,4053,2.91000008583069,2.91000008583069,0.0,1.11000001430511,0.579999983310699,1.22000002861023,0.0,17,18,85,1053,2400,0.9038461538461539,High
6775888955,2016-04-14,1,423,441,2016-04-14,5162,3.70000004768372,3.70000004768372,0.0,0.870000004768372,0.860000014305115,1.97000002861023,0.0,14,24,105,863,2507,0.9591836734693877,High
6775888955,2016-04-15,1,391,406,2016-04-15,1282,0.920000016689301,0.920000016689301,0.0,0.0,0.0,0.920000016689301,0.0,0,0,58,976,2127,0.9630541871921182,Low
6962181067,2016-04-12,1,366,387,2016-04-12,10199,6.73999977111816,6.73999977111816,0.0,3.40000009536743,0.829999983310699,2.50999999046326,0.0,50,14,189,796,1994,0.9457364341085271,Low
6962181067,2016-04-13,3,630,679,2016-04-13,5652,3.74000000953674,3.74000000953674,0.0,0.569999992847443,1.21000003814697,1.96000003814697,0.0,8,24,142,548,1718,0.9278350515463918,Low
6962181067,2016-04-14,2,508,535,2016-04-14,1551,1.02999997138977,1.02999997138977,0.0,0.0,0.0,1.02999997138977,0.0,0,0,86,862,1466,0.9495327102803738,Low
6962181067,2016-04-15,1,370,386,2016-04-15,5563,3.6800000667572,3.6800000667572,0.0,0.0,0.0,3.6800000667572,0.0,0,0,217,837,1756,0.9585492227979274,Low
6962181067,2016-04-16,1,357,366,2016-04-16,13217,8.73999977111816,8.73999977111816,0.0,3.66000008583069,0.189999997615814,4.88000011444092,0.0,50,3,280,741,2173,0.9754098360655737,Low
6962181067,2016-04-17,1,427,446,2016-04-17,10145,6.71000003814697,6.71000003814697,0.0,0.330000013113022,0.680000007152557,5.69000005722046,0.0,5,13,295,634,2027,0.9573991031390134,Low
6962181067,2016-04-18,1,442,458,2016-04-18,11404,7.53999996185303,7.53999996185303,0.0,0.829999983310699,2.39000010490417,4.32000017166138,0.0,13,42,238,689,2039,0.9650655021834061,Low
6962181067,2016-04-19,1,476,535,2016-04-19,10742,7.09999990463257,7.09999990463257,0.0,2.09999990463257,2.13000011444092,2.86999988555908,0.0,35,41,195,659,2046,0.8897196261682243,Low
6962181067,2016-04-20,1,418,424,2016-04-20,13928,9.55000019073486,9.55000019073486,0.0,4.28000020980835,0.189999997615814,5.09000015258789,0.0,48,4,297,639,2174,0.9858490566037735,Low
6962181067,2016-04-21,1,451,457,2016-04-21,11835,9.71000003814697,7.88000011444092,4.08169221878052,3.99000000953674,2.09999990463257,3.50999999046326,0.109999999403954,53,27,214,708,2179,0.986870897155361,Low
6962181067,2016-04-22,1,425,435,2016-04-22,10725,7.09000015258789,7.09000015258789,0.0,1.76999998092651,1.54999995231628,3.76999998092651,0.0,30,33,240,659,2086,0.9770114942528736,Low
6962181067,2016-04-23,1,528,546,2016-04-23,20031,13.2399997711182,13.2399997711182,0.0,4.19999980926514,2.0,7.03999996185303,0.0,58,41,347,484,2571,0.967032967032967,High
6962181067,2016-04-24,1,511,514,2016-04-24,5029,3.3199999332428,3.3199999332428,0.0,0.0,0.0,3.3199999332428,0.0,0,0,199,720,1705,0.9941634241245136,Low
6962181067,2016-04-25,1,400,415,2016-04-25,13239,9.27000045776367,9.07999992370605,2.78517508506775,3.01999998092651,1.67999994754791,4.46000003814697,0.100000001490116,35,31,282,637,2194,0.963855421686747,Low
6962181067,2016-04-26,1,441,446,2016-04-26,10433,6.90000009536743,6.90000009536743,0.0,2.57999992370605,0.419999986886978,3.90000009536743,0.0,36,7,254,680,2012,0.9887892376681614,Low
6962181067,2016-04-27,1,455,467,2016-04-27,10320,6.82000017166138,6.82000017166138,0.0,0.550000011920929,2.01999998092651,4.25,0.0,7,38,279,697,2034,0.974304068522484,Low
6962181067,2016-04-28,1,440,453,2016-04-28,12627,8.35000038146973,8.35000038146973,0.0,2.50999999046326,0.239999994635582,5.59000015258789,0.0,38,8,288,621,2182,0.9713024282560706,Low
6962181067,2016-04-29,1,433,447,2016-04-29,10762,7.1100001335144,7.1100001335144,0.0,0.819999992847443,0.479999989271164,5.80999994277954,0.0,12,15,369,645,2254,0.9686800894854586,High
6962181067,2016-04-30,1,422,424,2016-04-30,10081,6.65999984741211,6.65999984741211,0.0,2.24000000953674,0.759999990463257,3.67000007629395,0.0,32,16,237,731,2002,0.9952830188679245,Low
6962181067,2016-05-01,1,411,426,2016-05-01,5454,3.60999989509583,3.60999989509583,0.0,0.0,0.0,3.60999989509583,0.0,0,0,215,722,1740,0.9647887323943662,Low
6962181067,2016-05-02,1,466,482,2016-05-02,12912,8.53999996185303,8.53999996185303,0.0,1.20000004768372,2.0,5.34000015258789,0.0,18,39,313,655,2162,0.966804979253112,Low
6962181067,2016-05-03,1,394,418,2016-05-03,12109,8.11999988555908,8.11999988555908,0.0,1.74000000953674,2.03999996185303,4.32999992370605,0.0,21,36,267,654,2072,0.9425837320574163,Low
6962181067,2016-05-04,1,442,455,2016-05-04,10147,6.71000003814697,6.71000003814697,0.0,0.469999998807907,1.67999994754791,4.55000019073486,0.0,15,36,284,683,2086,0.9714285714285714,Low
6962181067,2016-05-05,1,467,491,2016-05-05,10524,6.96000003814697,6.96000003814697,0.0,0.990000009536743,1.1599999666214,4.80999994277954,0.0,14,22,305,591,2066,0.9511201629327902,Low
6962181067,2016-05-06,1,443,462,2016-05-06,5908,3.91000008583069,3.91000008583069,0.0,0.0,0.0,3.91000008583069,0.0,0,0,299,717,1850,0.9588744588744589,Low
6962181067,2016-05-07,1,298,334,2016-05-07,6815,4.5,4.5,0.0,0.0,0.0,4.5,0.0,0,0,328,745,1947,0.8922155688622755,Low
6962181067,2016-05-08,1,541,569,2016-05-08,4188,2.76999998092651,2.76999998092651,0.0,0.0,0.519999980926514,2.25,0.0,0,14,151,709,1659,0.9507908611599297,Low
6962181067,2016-05-09,1,489,497,2016-05-09,12342,8.72000026702881,8.68000030517578,3.16782188415527,3.90000009536743,1.17999994754791,3.65000009536743,0.0,43,21,231,607,2105,0.9839034205231388,Low
6962181067,2016-05-10,1,469,481,2016-05-10,15448,10.210000038147,10.210000038147,0.0,3.47000002861023,1.75,4.98999977111816,0.0,62,34,275,626,2361,0.975051975051975,High
6962181067,2016-05-11,1,452,480,2016-05-11,6722,4.44000005722046,4.44000005722046,0.0,1.49000000953674,0.310000002384186,2.65000009536743,0.0,24,7,199,709,1855,0.9416666666666667,Low
6962181067,2016-05-12,1,516,535,2016-05-12,3587,2.36999988555908,2.36999988555908,0.0,0.0,0.25,2.10999989509583,0.0,0,8,105,127,928,0.9644859813084112,Low
7007744171,2016-04-16,1,79,82,2016-04-16,4631,3.09999990463257,3.09999990463257,0.0,0.0,0.0,3.09999990463257,0.0,0,0,203,1155,2076,0.9634146341463414,Low
7007744171,2016-05-01,1,58,61,2016-05-01,5600,3.75,3.75,0.0,0.0,0.0,3.75,0.0,0,0,237,1142,2225,0.9508196721311475,High
7086361926,2016-04-12,1,514,525,2016-04-12,11317,8.40999984741211,8.40999984741211,0.0,5.26999998092651,0.150000005960464,2.97000002861023,0.0,59,6,153,745,2772,0.979047619047619,High
7086361926,2016-04-13,1,451,465,2016-04-13,5813,3.61999988555908,3.61999988555908,0.0,0.560000002384186,0.209999993443489,2.83999991416931,0.0,31,26,155,744,2516,0.9698924731182795,High
7086361926,2016-04-14,1,472,476,2016-04-14,9123,6.11999988555908,6.11999988555908,0.0,2.02999997138977,0.330000013113022,3.66000008583069,0.0,35,32,189,787,2734,0.9915966386554622,High
7086361926,2016-04-15,1,377,386,2016-04-15,8585,5.67000007629395,5.67000007629395,0.0,2.03999996185303,1.11000001430511,2.52999997138977,0.0,30,21,139,864,2395,0.9766839378238342,High
7086361926,2016-04-19,1,472,483,2016-04-19,10688,7.28999996185303,7.28999996185303,0.0,3.52999997138977,1.23000001907349,2.50999999046326,0.0,67,69,124,671,2944,0.9772256728778468,High
7086361926,2016-04-20,1,492,502,2016-04-20,14365,10.6400003433228,10.6400003433228,0.0,7.6399998664856,0.449999988079071,2.53999996185303,0.0,87,13,145,797,2997,0.9800796812749004,High
7086361926,2016-04-21,1,390,411,2016-04-21,9469,6.17999982833862,6.17999982833862,0.0,1.36000001430511,0.300000011920929,4.51000022888184,0.0,19,6,206,758,2463,0.948905109489051,High
7086361926,2016-04-22,1,428,448,2016-04-22,9753,6.53000020980835,6.53000020980835,0.0,2.86999988555908,0.970000028610229,2.67000007629395,0.0,58,59,153,762,2846,0.9553571428571429,High
7086361926,2016-04-24,1,681,704,2016-04-24,3520,2.16000008583069,2.16000008583069,0.0,0.0,0.0,2.15000009536743,0.0,0,0,125,566,2049,0.9673295454545454,Low
7086361926,2016-04-25,1,446,447,2016-04-25,10091,6.82000017166138,6.82000017166138,0.0,3.75,0.699999988079071,2.36999988555908,0.0,69,39,129,706,2752,0.9977628635346756,High
7086361926,2016-04-26,1,485,500,2016-04-26,10387,7.07000017166138,7.07000017166138,0.0,4.15999984741211,0.769999980926514,2.11999988555908,0.0,70,33,132,726,2781,0.97,High
7086361926,2016-04-27,1,469,479,2016-04-27,11107,8.34000015258789,8.34000015258789,0.0,5.63000011444092,0.180000007152557,2.52999997138977,0.0,55,6,145,829,2693,0.9791231732776617,High
7086361926,2016-04-28,1,354,367,2016-04-28,11584,7.80000019073486,7.80000019073486,0.0,2.78999996185303,1.63999998569489,3.35999989509583,0.0,54,48,161,810,2862,0.9645776566757494,High
7086361926,2016-04-30,1,485,489,2016-04-30,14560,9.40999984741211,9.40999984741211,0.0,3.11999988555908,1.03999996185303,5.23999977111816,0.0,42,17,308,584,2995,0.9918200408997955,High
7086361926,2016-05-01,1,388,407,2016-05-01,12390,8.06999969482422,8.06999969482422,0.0,2.29999995231628,0.899999976158142,4.84999990463257,0.0,30,15,258,685,2730,0.9533169533169533,High
7086361926,2016-05-02,1,440,459,2016-05-02,10052,6.80999994277954,6.80999994277954,0.0,3.48000001907349,0.660000026226044,2.66000008583069,0.0,66,26,139,737,2754,0.9586056644880174,High
7086361926,2016-05-03,1,456,461,2016-05-03,10288,6.76000022888184,6.76000022888184,0.0,2.74000000953674,0.850000023841858,3.16000008583069,0.0,57,36,152,761,2754,0.9891540130151844,High
7086361926,2016-05-04,1,420,436,2016-05-04,10988,8.3100004196167,8.3100004196167,0.0,5.28000020980835,0.119999997317791,2.90000009536743,0.0,45,12,135,843,2655,0.963302752293578,High
7086361926,2016-05-06,1,322,333,2016-05-06,12461,8.38000011444092,8.38000011444092,0.0,3.8199999332428,1.42999994754791,3.11999988555908,0.0,84,35,154,834,2924,0.9669669669669669,High
7086361926,2016-05-07,1,530,548,2016-05-07,12827,8.47999954223633,8.47999954223633,0.0,1.46000003814697,2.32999992370605,4.67999982833862,0.0,20,42,209,621,2739,0.9671532846715328,High
7086361926,2016-05-08,1,481,510,2016-05-08,10677,7.09999990463257,7.09999990463257,0.0,2.30999994277954,1.52999997138977,3.25,0.0,32,27,147,695,2534,0.9431372549019608,High
7086361926,2016-05-09,1,427,438,2016-05-09,13566,9.10999965667725,9.10999965667725,0.0,4.26000022888184,1.71000003814697,3.11999988555908,0.0,67,50,171,743,2960,0.9748858447488584,High
7086361926,2016-05-11,1,451,463,2016-05-11,9572,6.51999998092651,6.51999998092651,0.0,2.89000010490417,1.38999998569489,2.23000001907349,0.0,57,40,128,757,2735,0.9740820734341252,High
7086361926,2016-05-12,1,444,457,2016-05-12,3789,2.55999994277954,2.55999994277954,0.0,0.379999995231628,0.270000010728836,1.88999998569489,0.0,5,4,58,343,1199,0.9715536105032823,Low
8053475328,2016-04-20,1,486,493,2016-04-20,15108,12.1899995803833,12.1899995803833,0.0,9.57999992370605,0.230000004172325,2.38000011444092,0.0,89,5,158,695,3043,0.9858012170385395,High
8053475328,2016-04-23,1,331,337,2016-04-23,22359,17.1900005340576,17.1900005340576,0.0,12.539999961853,0.629999995231628,4.01999998092651,0.0,125,14,223,741,3554,0.9821958456973294,High
8053475328,2016-05-07,1,74,75,2016-05-07,19769,15.6700000762939,15.6700000762939,0.0,12.4399995803833,0.879999995231628,2.34999990463257,0.0,121,20,148,1076,3331,0.9866666666666667,High
8378563200,2016-04-12,1,338,356,2016-04-12,7626,6.05000019073486,6.05000019073486,2.25308108329773,0.829999983310699,0.709999978542328,4.5,0.0,65,15,156,723,3635,0.949438202247191,High
8378563200,2016-04-13,2,447,487,2016-04-13,12386,9.81999969482422,9.81999969482422,2.0921471118927,4.96000003814697,0.649999976158142,4.21000003814697,0.0,116,14,169,680,4079,0.917864476386037,High
8378563200,2016-04-14,1,424,455,2016-04-14,13318,10.5600004196167,10.5600004196167,2.25308108329773,5.61999988555908,1.02999997138977,3.91000008583069,0.0,123,21,174,699,4163,0.9318681318681319,High
8378563200,2016-04-15,1,513,533,2016-04-15,14461,11.4700002670288,11.4700002670288,0.0,4.90999984741211,1.14999997615814,5.40999984741211,0.0,60,23,190,729,3666,0.9624765478424016,High
8378563200,2016-04-16,2,611,689,2016-04-16,11207,8.89000034332275,8.89000034332275,0.0,5.36999988555908,1.07000005245209,2.44000005722046,0.0,64,21,142,563,3363,0.8867924528301887,High
8378563200,2016-04-17,2,525,591,2016-04-17,2132,1.69000005722046,1.69000005722046,0.0,0.0,0.0,1.69000005722046,0.0,0,0,93,599,2572,0.8883248730964467,High
8378563200,2016-04-18,1,398,451,2016-04-18,13630,10.8100004196167,10.8100004196167,2.0921471118927,5.05000019073486,0.560000002384186,5.19999980926514,0.0,117,10,174,720,4157,0.8824833702882483,High
8378563200,2016-04-19,1,387,421,2016-04-19,13070,10.3599996566772,10.3599996566772,2.25308108329773,5.30000019073486,0.879999995231628,4.17999982833862,0.0,120,19,154,737,4092,0.9192399049881235,High
8378563200,2016-04-20,1,381,409,2016-04-20,9388,7.44000005722046,7.44000005722046,2.0921471118927,2.23000001907349,0.439999997615814,4.78000020980835,0.0,82,8,169,763,3787,0.9315403422982885,High
8378563200,2016-04-21,1,396,417,2016-04-21,15148,12.0100002288818,12.0100002288818,2.25308108329773,6.90000009536743,0.819999992847443,4.28999996185303,0.0,137,16,145,677,4236,0.9496402877697842,High
8378563200,2016-04-22,1,441,469,2016-04-22,12200,9.67000007629395,9.67000007629395,2.0921471118927,4.90999984741211,0.589999973773956,4.17999982833862,0.0,113,12,159,769,4044,0.9402985074626866,High
8378563200,2016-04-23,1,565,591,2016-04-23,5709,4.53000020980835,4.53000020980835,0.0,1.51999998092651,0.519999980926514,2.48000001907349,0.0,19,10,136,740,2908,0.9560067681895094,High
8378563200,2016-04-24,1,458,492,2016-04-24,3703,2.94000005722046,2.94000005722046,0.0,0.0,0.0,2.94000005722046,0.0,0,0,135,734,2741,0.9308943089430894,High
8378563200,2016-04-25,1,388,402,2016-04-25,12405,9.84000015258789,9.84000015258789,2.0921471118927,5.05000019073486,0.870000004768372,3.92000007629395,0.0,117,16,141,692,4005,0.9651741293532339,High
8378563200,2016-04-25,1,388,402,2016-04-25,12405,9.84000015258789,9.84000015258789,2.0921471118927,5.05000019073486,0.870000004768372,3.92000007629395,0.0,117,16,141,692,4005,0.9651741293532339,High
8378563200,2016-04-26,1,550,584,2016-04-26,16208,12.8500003814697,12.8500003814697,0.0,7.51000022888184,0.920000016689301,4.42000007629395,0.0,90,18,161,593,3763,0.9417808219178082,High
8378563200,2016-04-27,1,531,600,2016-04-27,7359,5.84000015258789,5.84000015258789,0.0,0.330000013113022,0.180000007152557,5.32999992370605,0.0,4,4,192,676,3061,0.885,High
8378563200,2016-04-28,1,506,556,2016-04-28,5417,4.30000019073486,4.30000019073486,0.0,0.899999976158142,0.490000009536743,2.91000008583069,0.0,11,10,139,711,2884,0.9100719424460432,High
8378563200,2016-04-29,1,527,562,2016-04-29,6175,4.90000009536743,4.90000009536743,0.0,0.25,0.360000014305115,4.26999998092651,0.0,3,7,172,767,2982,0.9377224199288257,High
8378563200,2016-04-30,1,468,555,2016-04-30,2946,2.33999991416931,2.33999991416931,0.0,0.0,0.0,2.33999991416931,0.0,0,0,121,780,2660,0.8432432432432433,High
8378563200,2016-05-01,1,475,539,2016-05-01,11419,9.0600004196167,9.0600004196167,0.0,6.03000020980835,0.560000002384186,2.47000002861023,0.0,71,10,127,669,3369,0.8812615955473099,High
8378563200,2016-05-02,1,351,385,2016-05-02,6064,4.80999994277954,4.80999994277954,2.0921471118927,0.629999995231628,0.170000001788139,4.01000022888184,0.0,63,4,142,802,3491,0.9116883116883117,High
8378563200,2016-05-03,1,405,429,2016-05-03,8712,6.90999984741211,6.90999984741211,2.25308108329773,1.3400000333786,1.05999994277954,4.5,0.0,71,20,195,822,3784,0.9440559440559441,High
8378563200,2016-05-04,1,441,477,2016-05-04,7875,6.23999977111816,6.23999977111816,0.0,1.55999994277954,0.490000009536743,4.19999980926514,0.0,19,10,167,680,3110,0.9245283018867925,High
8378563200,2016-05-05,1,381,417,2016-05-05,8567,6.78999996185303,6.78999996185303,2.25308108329773,0.889999985694885,0.159999996423721,5.73999977111816,0.0,66,3,214,764,3783,0.9136690647482014,High
8378563200,2016-05-06,1,323,355,2016-05-06,7045,5.59000015258789,5.59000015258789,2.0921471118927,1.54999995231628,0.25,3.77999997138977,0.0,74,5,166,831,3644,0.9098591549295775,High
8378563200,2016-05-07,2,459,513,2016-05-07,4468,3.53999996185303,3.53999996185303,0.0,0.0,0.0,3.53999996185303,0.0,0,0,158,851,2799,0.8947368421052632,High
8378563200,2016-05-08,1,545,606,2016-05-08,2943,2.32999992370605,2.32999992370605,0.0,0.0,0.0,2.32999992370605,0.0,0,0,139,621,2685,0.8993399339933993,High
8378563200,2016-05-09,1,359,399,2016-05-09,8382,6.65000009536743,6.65000009536743,2.0921471118927,1.26999998092651,0.660000026226044,4.71999979019165,0.0,71,13,171,772,3721,0.899749373433584,High
8378563200,2016-05-10,1,342,391,2016-05-10,6582,5.21999979019165,5.21999979019165,2.25308108329773,0.660000026226044,0.639999985694885,3.92000007629395,0.0,63,13,152,840,3586,0.8746803069053708,High
8378563200,2016-05-11,1,368,387,2016-05-11,9143,7.25,7.25,2.0921471118927,1.38999998569489,0.589999973773956,5.26999998092651,0.0,72,10,184,763,3788,0.9509043927648578,High
8378563200,2016-05-12,1,496,546,2016-05-12,4561,3.61999988555908,3.61999988555908,0.0,0.649999976158142,0.270000010728836,2.69000005722046,0.0,8,6,102,433,1976,0.9084249084249084,Low
8792009665,2016-04-12,1,458,493,2016-04-12,2564,1.63999998569489,1.63999998569489,0.0,0.0,0.0,1.63999998569489,0.0,0,0,116,831,2044,0.9290060851926978,Low
8792009665,2016-04-13,1,531,552,2016-04-13,1320,0.839999973773956,0.839999973773956,0.0,0.0,0.0,0.839999973773956,0.0,0,0,82,806,1934,0.9619565217391305,Low
8792009665,2016-04-14,1,486,503,2016-04-14,1219,0.779999971389771,0.779999971389771,0.0,0.0,0.0,0.779999971389771,0.0,0,0,84,853,1963,0.9662027833001988,Low
8792009665,2016-04-15,1,363,377,2016-04-15,2483,1.5900000333786,1.5900000333786,0.0,0.0,0.0,1.5900000333786,0.0,0,0,126,937,2009,0.9628647214854111,Low
8792009665,2016-04-20,1,528,547,2016-04-20,3147,2.00999999046326,2.00999999046326,0.0,0.0,0.280000001192093,1.74000000953674,0.0,0,10,139,744,2188,0.9652650822669104,Low
8792009665,2016-04-22,1,391,407,2016-04-22,4068,2.59999990463257,2.59999990463257,0.0,0.0500000007450581,0.280000001192093,2.26999998092651,0.0,1,20,195,817,2419,0.9606879606879607,High
8792009665,2016-04-23,1,339,360,2016-04-23,5245,3.35999989509583,3.35999989509583,0.0,0.159999996423721,0.439999997615814,2.75,0.0,8,45,232,795,2748,0.9416666666666667,High
8792009665,2016-04-27,1,423,428,2016-04-27,1758,1.12999999523163,1.12999999523163,0.0,0.0,0.0,1.12999999523163,0.0,0,0,112,900,2067,0.9883177570093458,Low
8792009665,2016-04-28,1,402,416,2016-04-28,6157,3.94000005722046,3.94000005722046,0.0,0.0,0.0,3.94000005722046,0.0,0,0,310,714,2780,0.9663461538461539,High
8792009665,2016-04-29,1,398,406,2016-04-29,8360,5.34999990463257,5.34999990463257,0.0,0.140000000596046,0.280000001192093,4.92999982833862,0.0,6,14,380,634,3101,0.9802955665024631,High
8792009665,2016-04-30,1,343,360,2016-04-30,7174,4.59000015258789,4.59000015258789,0.0,0.330000013113022,0.360000014305115,3.91000008583069,0.0,10,20,301,749,2896,0.9527777777777777,High
8792009665,2016-05-01,1,503,527,2016-05-01,1619,1.03999996185303,1.03999996185303,0.0,0.0,0.0,1.03999996185303,0.0,0,0,79,834,1962,0.9544592030360531,Low
8792009665,2016-05-02,1,415,423,2016-05-02,1831,1.16999995708466,1.16999995708466,0.0,0.0,0.0,1.16999995708466,0.0,0,0,101,916,2015,0.9810874704491725,Low
8792009665,2016-05-03,1,516,545,2016-05-03,2421,1.54999995231628,1.54999995231628,0.0,0.0,0.0,1.54999995231628,0.0,0,0,156,739,2297,0.9467889908256881,High
8792009665,2016-05-04,1,439,463,2016-05-04,2283,1.46000003814697,1.46000003814697,0.0,0.0,0.0,1.46000003814697,0.0,0,0,129,848,2067,0.9481641468682506,Low
